PDBID,Quad,SortedQuad,RedAlpha,SortRedAlpha,V1,V2,V3,V4,L1,L2,L3,L4,L5,L6,SumL,AvgL,DevL,DevTetra,Vol,TF1,TF2,TF3,TF4,SumTF,AvgTF,hullArea,hullVolume
1crn,SNAN,ANNS,PPFP,FPPP,10,13,37,45,5.25111,19.4177,9.58748,18.0681,11.9645,12.9715,77.2603,12.8767,4.8226,0.3366,2.2381,4.6,4.31,9.24,6.15,24.3,6.075,1120.3583,2681.246
1crn,GGAP,AGGP,FFFF,FFFF,19,36,37,35,22.2,21.7445,20.1397,3.80382,3.82959,6.94494,78.6625,13.1104,8.34,0.9712,5.1395,5.39,9.2,9.24,8.78,32.61,8.1525,1120.3583,2681.246
1crn,GPAT,AGPT,FFFP,FFFP,19,35,37,0,20.1397,21.7445,16.215,6.94494,6.31444,5.73808,77.0966,12.8494,6.7298,0.6583,22.39,5.39,8.78,9.24,10.8,34.21,8.5525,1120.3583,2681.246
1crn,NNAT,ANNT,PPFP,FPPP,13,45,37,0,11.9645,18.0681,13.3964,12.9715,11.8096,5.73808,73.9481,12.3247,3.6132,0.2063,51.2703,4.31,6.15,9.24,10.8,30.5,7.625,1120.3583,2681.246
1crn,NNTT,NNTT,PPPP,PPPP,13,45,1,0,11.9645,10.729,13.3964,9.13319,11.8096,3.79388,60.8266,10.1378,3.1186,0.2271,38.7298,4.31,6.15,8.31,10.8,29.57,7.3925,1120.3583,2681.246
1crn,GPAT,AGPT,FFFP,FFFP,36,35,37,0,3.82959,3.80382,6.50846,6.94494,6.31444,5.73808,33.1393,5.5232,1.2576,0.1244,0.5168,9.2,8.78,9.24,10.8,38.02,9.505,1120.3583,2681.246
1crn,GIAT,AGIT,FFFP,FFFP,36,34,37,0,5.55976,3.80382,6.50846,7.40426,5.44609,5.73808,34.4605,5.7434,1.0976,0.0876,10.859,9.2,7.52,9.24,10.8,36.76,9.19,1120.3583,2681.246
1crn,PIGT,GIPT,FFFP,FFFP,35,34,36,0,3.76163,3.82959,6.31444,5.55976,5.44609,6.50846,31.42,5.2367,1.0865,0.1033,12.2184,8.78,7.52,9.2,10.8,36.3,9.075,1120.3583,2681.246
1crn,FNTR,FNRT,FPPL,FLPP,12,13,1,9,3.82875,9.48587,4.89408,10.729,6.23822,9.13606,44.312,7.3853,2.5439,0.2848,27.6678,3.49,4.31,8.31,3.38,19.49,4.8725,1120.3583,2681.246
1crn,NNTR,NNRT,PPPL,LPPP,13,45,1,9,11.9645,10.729,6.23822,9.13319,6.48905,9.13606,53.6901,8.9483,2.0708,0.1285,30.5612,4.31,6.15,8.31,3.38,22.15,5.5375,1120.3583,2681.246
1crn,FNSR,FNRS,FPPL,FLPP,12,13,10,9,3.82875,5.42376,4.89408,5.25111,6.23822,3.84091,29.4768,4.9128,0.8619,0.0739,9.4045,3.49,4.31,4.6,3.38,15.78,3.945,1120.3583,2681.246
1crn,NNSR,NNRS,PPPL,LPPP,13,45,10,9,11.9645,5.25111,6.23822,9.58748,6.48905,3.84091,43.3713,7.2285,2.7358,0.3438,11.8109,4.31,6.15,4.6,3.38,18.44,4.61,1120.3583,2681.246
1crn,FCYC,CCFY,FPPP,FPPP,12,15,28,25,4.96768,7.87999,5.78748,8.27648,5.79841,4.92881,37.6388,6.2731,1.3272,0.1074,20.9556,3.49,3.54,6.6,4.37,18.0,4.5,1120.3583,2681.246
1crn,CCYI,CCIY,PPPF,FPPP,15,25,28,24,5.79841,8.27648,8.63398,4.92881,3.80263,6.14015,37.5805,6.2634,1.7195,0.1809,14.1582,3.54,4.37,6.6,5.44,19.95,4.9875,1120.3583,2681.246
1crn,NRSI,INRS,PLPF,FLPP,45,9,10,6,6.48905,9.58748,5.681,3.84091,5.10872,6.20298,36.9101,6.1517,1.7593,0.1963,8.5365,6.15,3.38,4.6,6.33,20.46,5.115,1120.3583,2681.246
1crn,VRSI,IRSV,FLPF,FFLP,7,9,10,6,5.48313,5.11069,3.85411,3.84091,5.10872,6.20298,29.6005,4.9334,0.85,0.0712,9.7425,6.93,3.38,4.6,6.33,21.24,5.31,1120.3583,2681.246
1crn,NTAC,ACNT,PPFP,FPPP,45,38,37,39,11.4776,12.9715,8.54993,3.80434,3.78874,6.40917,47.0013,7.8335,3.5312,0.4877,13.2655,6.15,9.46,9.24,8.05,32.9,8.225,1120.3583,2681.246
1crn,ITTC,CITT,FPPP,FPPP,34,0,1,39,5.44609,6.39432,7.85895,3.79388,8.12076,7.82,39.434,6.5723,1.5615,0.1355,24.5235,7.52,10.8,8.31,8.05,34.68,8.67,1120.3583,2681.246
1crn,ITAC,ACIT,FPFP,FFPP,34,0,37,39,5.44609,7.40426,7.85895,5.73808,8.12076,6.40917,40.9773,6.8296,1.0279,0.0544,30.2801,7.52,10.8,9.24,8.05,35.61,8.9025,1120.3583,2681.246
1crn,GIAC,ACGI,FFFP,FFFP,36,34,37,39,5.55976,3.80382,7.99028,7.40426,7.85895,6.40917,39.0262,6.5044,1.4746,0.1234,16.312,9.2,7.52,9.24,8.05,34.01,8.5025,1120.3583,2681.246
1crn,GTAC,ACGT,FPFP,FFPP,36,38,37,39,5.92935,3.80382,7.99028,3.80434,3.78874,6.40917,31.7257,5.2876,1.6136,0.2235,8.0769,9.2,9.46,9.24,8.05,35.95,8.9875,1120.3583,2681.246
1crn,FRSN,FNRS,FLPP,FLPP,12,9,10,11,4.89408,5.42376,3.79879,3.84091,5.41462,3.86288,27.235,4.5392,0.7266,0.0615,6.8815,3.49,3.38,4.6,4.57,16.04,4.01,1120.3583,2681.246
1crn,FNSN,FNNS,FPPP,FPPP,12,13,10,11,3.82875,5.42376,3.79879,5.25111,5.48844,3.86288,27.6537,4.609,0.7823,0.0691,7.5333,3.49,4.31,4.6,4.57,16.97,4.2425,1120.3583,2681.246
1crn,GTAL,AGLT,FPFF,FFFP,19,0,37,17,16.215,21.7445,5.48561,5.73808,17.0597,22.2537,88.4966,14.7494,6.8283,0.5144,25.3959,5.39,10.8,9.24,5.46,30.89,7.7225,1120.3583,2681.246
1crn,NTAL,ALNT,PPFF,FFPP,13,0,37,17,13.3964,18.0681,6.5726,5.73808,17.0597,22.2537,83.0885,13.8481,6.0234,0.4541,33.7421,4.31,10.8,9.24,5.46,29.81,7.4525,1120.3583,2681.246
1crn,SNAL,ALNS,PPFF,FFPP,10,13,37,17,5.25111,19.4177,11.1571,18.0681,6.5726,22.2537,82.7202,13.7867,6.5005,0.5336,2.4875,4.6,4.31,9.24,5.46,23.61,5.9025,1120.3583,2681.246
1crn,NTTR,NRTT,PPPL,LPPP,13,0,1,16,13.3964,10.729,5.1381,3.79388,13.8935,11.8812,58.8321,9.8053,3.9305,0.3856,25.188,4.31,10.8,8.31,3.83,27.25,6.8125,1120.3583,2681.246
1crn,TLGR,GLRT,PFFL,FFLP,0,17,19,16,17.0597,16.215,13.8935,5.48561,3.83948,5.12491,61.6182,10.2697,5.5571,0.7027,27.0628,10.8,5.46,5.39,3.83,25.48,6.37,1120.3583,2681.246
1crn,TLNR,LNRT,PFPL,FLPP,0,17,13,16,17.0597,13.3964,13.8935,6.5726,3.83948,5.1381,59.8997,9.9833,4.9978,0.6015,26.3467,10.8,5.46,4.31,3.83,24.4,6.1,1120.3583,2681.246
1crn,NCFR,CFNR,PPFL,FLPP,13,15,12,16,5.44669,3.82875,5.1381,4.96768,3.81347,6.26946,29.4641,4.9107,0.8721,0.0757,9.0508,4.31,3.54,3.49,3.83,15.17,3.7925,1120.3583,2681.246
1crn,CCFR,CCFR,PPFL,FLPP,15,25,12,16,5.79841,4.96768,3.81347,5.78748,6.92133,6.26946,33.5578,5.593,0.9882,0.0749,16.5232,3.54,4.37,3.49,3.83,15.23,3.8075,1120.3583,2681.246
1crn,PLGR,GLPR,FFFL,FFFL,18,17,19,16,3.80431,3.8208,5.64628,5.48561,3.83948,5.12491,27.7214,4.6202,0.8135,0.0744,6.3221,5.38,5.46,5.39,3.83,20.06,5.015,1120.3583,2681.246
1crn,CLPR,CLPR,PFFL,FFLP,15,17,18,16,5.66917,6.98311,3.81347,3.80431,3.83948,5.64628,29.7558,4.9593,1.2229,0.1459,9.1975,3.54,5.46,5.38,3.83,18.21,4.5525,1120.3583,2681.246
1crn,PTGP,GPPT,FPFF,FFFP,35,0,19,21,6.31444,20.1397,15.4892,16.215,12.9293,6.32164,77.4093,12.9016,5.1113,0.3767,38.0853,8.78,10.8,5.39,4.69,29.66,7.415,1120.3583,2681.246
1crn,PIAI,AIIP,FFFF,FFFF,35,34,23,33,3.76163,12.6078,6.89869,10.6471,3.83625,7.24241,44.9939,7.499,3.2614,0.454,5.089,8.78,7.52,4.49,6.82,27.61,6.9025,1120.3583,2681.246
1crn,ITPI,IIPT,FPFF,FFFP,34,0,35,33,5.44609,3.76163,3.83625,6.31444,5.65173,6.89869,31.9088,5.3181,1.1717,0.1165,8.7294,7.52,10.8,8.78,6.82,33.92,8.48,1120.3583,2681.246
1crn,ITTI,IITT,FPPF,FFPP,34,0,1,33,5.44609,6.39432,3.83625,3.79388,5.65173,4.59693,29.7192,4.9532,0.9597,0.0901,7.21,7.52,10.8,8.31,6.82,33.45,8.3625,1120.3583,2681.246
1crn,RINS,INRS,LFPP,FLPP,9,6,45,5,5.10872,6.48905,6.48288,5.681,3.8185,5.40253,32.9827,5.4971,0.9099,0.0657,15.9594,3.38,6.33,6.15,4.45,20.31,5.0775,1120.3583,2681.246
1crn,CIYT,CITY,PFPP,FPPP,25,24,28,27,3.80263,4.92881,5.63531,6.14015,5.46127,3.77888,29.7471,4.9578,0.8977,0.0787,9.7008,4.37,5.44,6.6,5.08,21.49,5.3725,1120.3583,2681.246
1crn,IIDT,DIIT,FFLP,FFLP,34,32,42,27,6.53621,13.4787,13.4284,11.0092,7.77554,16.3422,68.5702,11.4284,3.4108,0.2138,24.0633,7.52,5.24,5.85,5.08,23.69,5.9225,1120.3583,2681.246
1crn,PIAT,AIPT,FFFP,FFFP,35,34,23,27,3.76163,12.6078,16.5376,10.6471,13.4284,6.66934,63.6519,10.6086,4.272,0.3892,8.8598,8.78,7.52,4.49,5.08,25.87,6.4675,1120.3583,2681.246
1crn,IIAT,AIIT,FFFP,FFFP,34,33,23,27,3.83625,10.6471,13.4284,7.24241,9.95041,6.66934,51.7739,8.629,3.098,0.3094,12.4994,7.52,6.82,4.49,5.08,23.91,5.9775,1120.3583,2681.246
1crn,IIAT,AIIT,FFFP,FFFP,32,33,23,27,3.76524,7.97571,7.77554,7.24241,9.95041,6.66934,43.3787,7.2298,1.8517,0.1574,4.1931,5.24,6.82,4.49,5.08,21.63,5.4075,1120.3583,2681.246
1crn,IIIT,IIIT,FFFP,FFFP,32,33,34,27,3.76524,6.53621,7.77554,3.83625,9.95041,13.4284,45.292,7.5487,3.4037,0.488,7.6673,5.24,6.82,7.52,5.08,24.66,6.165,1120.3583,2681.246
1crn,FRTC,CFRT,FLPP,FLPP,12,9,1,31,4.89408,9.48587,7.37142,9.13606,7.13868,6.74248,44.7686,7.4614,1.5342,0.1015,37.1775,3.49,3.38,8.31,4.89,20.07,5.0175,1120.3583,2681.246
1crn,PCIY,CIPY,FPFP,FFPP,4,31,32,43,6.13992,8.47249,4.17621,3.82613,7.53281,8.00908,38.1566,6.3594,1.8164,0.1958,5.3988,4.25,4.89,5.24,5.56,19.94,4.985,1120.3583,2681.246
1crn,NCFV,CFNV,PPFF,FFPP,13,15,12,14,5.44669,3.82875,3.8356,4.96768,3.8421,5.45121,27.372,4.562,0.744,0.0638,6.8973,4.31,3.54,3.49,3.98,15.32,3.83,1120.3583,2681.246
1crn,NNFV,FNNV,PPFF,FFPP,13,11,12,14,5.48844,3.82875,3.8356,3.79879,5.18952,5.45121,27.5923,4.5987,0.7834,0.0697,7.2378,4.31,4.57,3.49,3.98,16.35,4.0875,1120.3583,2681.246
1crn,CNFV,CFNV,PPFF,FFPP,15,11,12,14,6.13124,4.96768,3.8421,3.79879,5.18952,5.45121,29.3805,4.8967,0.8406,0.0707,9.6162,3.54,4.57,3.49,3.98,15.58,3.895,1120.3583,2681.246
1crn,CRNV,CNRV,PLPF,FLPP,15,16,13,14,3.81347,5.44669,3.8421,5.1381,5.32249,3.8356,27.3984,4.5664,0.7415,0.0633,7.6552,3.54,3.83,4.31,3.98,15.66,3.915,1120.3583,2681.246
1crn,LRNV,LNRV,FLPF,FFLP,17,16,13,14,3.83948,6.5726,5.26324,5.1381,5.32249,3.8356,29.9715,4.9952,0.9459,0.0861,9.4547,5.46,3.83,4.31,3.98,17.58,4.395,1120.3583,2681.246
1crn,LRCV,CLRV,FLPF,FFLP,17,16,15,14,3.83948,5.66917,5.26324,3.81347,5.32249,3.8421,27.7499,4.625,0.8034,0.0724,7.3338,5.46,3.83,3.54,3.98,16.81,4.2025,1120.3583,2681.246
1crn,NNSV,NNSV,PPPF,FPPP,13,11,10,14,5.48844,5.25111,3.8356,3.86288,5.18952,6.50577,30.1333,5.0222,0.9355,0.0833,9.5351,4.31,4.57,4.6,3.98,17.46,4.365,1120.3583,2681.246
1crn,NLSV,LNSV,PFPF,FFPP,13,17,10,14,6.5726,5.25111,3.8356,11.1571,5.26324,6.50577,38.5854,6.4309,2.3041,0.3081,4.2168,4.31,5.46,4.6,3.98,18.35,4.5875,1120.3583,2681.246
1crn,CLPV,CLPV,PFFF,FFFP,15,17,18,14,5.66917,6.98311,3.8421,3.80431,5.26324,8.09496,33.6569,5.6095,1.5583,0.1852,6.8406,3.54,5.46,5.38,3.98,18.36,4.59,1120.3583,2681.246
1crn,VNSV,NSVV,FPPF,FFPP,7,11,10,14,6.16862,5.11069,10.8044,3.86288,5.18952,6.50577,37.6419,6.2736,2.1959,0.294,4.1054,6.93,4.57,4.6,3.98,20.08,5.02,1120.3583,2681.246
1crn,PCYV,CPVY,FPPF,FFPP,18,15,28,14,6.98311,14.2791,8.09496,8.27648,3.8421,11.0811,52.5568,8.7595,3.2626,0.333,4.6634,5.38,3.54,6.6,3.98,19.5,4.875,1120.3583,2681.246
1crn,CNYV,CNVY,PPPF,FPPP,15,11,28,14,6.13124,8.27648,3.8421,8.5901,5.18952,11.0811,43.1105,7.1851,2.4018,0.2682,2.855,3.54,4.57,6.6,3.98,18.69,4.6725,1120.3583,2681.246
1crn,PPAE,AEPP,FFFL,FFFL,35,21,23,22,15.4892,12.6078,12.7203,5.41545,3.77722,3.8179,53.8279,8.9713,4.7599,0.6756,22.261,8.78,4.69,4.49,5.31,23.27,5.8175,1120.3583,2681.246
1crn,TPPE,EPPT,PFFL,FFLP,0,21,35,22,12.9293,6.31444,9.65441,15.4892,3.77722,12.7203,60.8849,10.1475,4.0499,0.3823,21.0416,10.8,4.69,8.78,5.31,29.58,7.395,1120.3583,2681.246
1crn,PIAE,AEIP,FFFL,FFFL,35,33,23,22,6.89869,12.6078,12.7203,7.24241,7.61828,3.8179,50.9054,8.4842,3.2023,0.3419,25.2994,8.78,6.82,4.49,5.31,25.4,6.35,1120.3583,2681.246
1crn,TIPE,EIPT,PFFL,FFLP,0,33,35,22,5.65173,6.31444,9.65441,6.89869,7.61828,12.7203,48.8579,8.143,2.4017,0.2088,34.1066,10.8,6.82,8.78,5.31,31.71,7.9275,1120.3583,2681.246
1crn,TITE,EITT,PFPL,FLPP,0,33,1,22,5.65173,3.79388,9.65441,4.59693,7.61828,8.16216,39.4774,6.5796,2.0652,0.2364,20.9248,10.8,6.82,8.31,5.31,31.24,7.81,1120.3583,2681.246
1crn,TRTE,ERTT,PLPL,LLPP,0,16,1,22,13.8935,3.79388,9.65441,11.8812,7.18355,8.16216,54.5687,9.0948,3.259,0.3082,31.9697,10.8,3.83,8.31,5.31,28.25,7.0625,1120.3583,2681.246
1crn,CIAE,ACEI,PFFL,FFLP,25,24,23,22,3.80263,5.50284,5.01111,3.81853,5.49425,3.8179,27.4473,4.5745,0.7787,0.0695,6.4202,4.37,5.44,4.49,5.31,19.61,4.9025,1120.3583,2681.246
1crn,IPAE,AEIP,FFFL,FFFL,24,21,23,22,5.58088,3.81853,5.49425,5.41545,3.77722,3.8179,27.9042,4.6507,0.8476,0.0797,8.0501,5.44,4.69,4.49,5.31,19.93,4.9825,1120.3583,2681.246
1crn,IPCE,CEIP,FFPL,FFLP,24,21,25,22,5.58088,3.80263,5.49425,6.50541,3.77722,5.01111,30.1715,5.0286,0.9808,0.0913,9.5593,5.44,4.69,4.37,5.31,19.81,4.9525,1120.3583,2681.246
1crn,TRGE,EGRT,PLFL,FLLP,0,16,19,22,13.8935,16.215,9.65441,5.12491,7.18355,8.61183,60.6832,10.1139,3.8178,0.342,47.0584,10.8,3.83,5.39,5.31,25.33,6.3325,1120.3583,2681.246
1crn,TPGE,EGPT,PFFL,FFLP,0,21,19,22,12.9293,16.215,9.65441,6.32164,3.77722,8.61183,57.5094,9.5849,4.0921,0.4375,19.9768,10.8,4.69,5.39,5.31,26.19,6.5475,1120.3583,2681.246
1crn,RPGE,EGPR,LFFL,FFLL,16,21,19,22,7.18313,5.12491,7.18355,6.32164,3.77722,8.61183,38.2023,6.367,1.5612,0.1443,8.1888,3.83,4.69,5.39,5.31,19.22,4.805,1120.3583,2681.246
1crn,CRFE,CEFR,PLFL,FLLP,25,16,12,22,6.92133,5.78748,5.01111,6.26946,7.18355,8.42717,39.6001,6.6,1.086,0.065,23.9724,4.37,3.83,3.49,5.31,17.0,4.25,1120.3583,2681.246
1crn,FNTE,EFNT,FPPL,FLPP,12,13,1,22,3.82875,9.48587,8.42717,10.729,9.79978,8.16216,50.4328,8.4055,2.218,0.1671,40.5627,3.49,4.31,8.31,5.31,21.42,5.355,1120.3583,2681.246
1crn,NRTE,ENRT,PLPL,LLPP,13,16,1,22,5.1381,10.729,9.79978,11.8812,7.18355,8.16216,52.8938,8.8156,2.2599,0.1577,17.0748,4.31,3.83,8.31,5.31,21.76,5.44,1120.3583,2681.246
1crn,NRFE,EFNR,PLFL,FLLP,13,16,12,22,5.1381,3.82875,9.79978,6.26946,7.18355,8.42717,40.6468,6.7745,1.9858,0.2062,16.2844,4.31,3.83,3.49,5.31,16.94,4.235,1120.3583,2681.246
1crn,CICT,CCIT,PFPP,FPPP,25,24,15,20,3.80263,5.79841,6.77821,8.63398,6.8267,6.40206,38.242,6.3737,1.4387,0.1223,10.2587,4.37,5.44,3.54,3.94,17.29,4.3225,1120.3583,2681.246
1crn,IPCT,CIPT,FFPP,FFPP,24,21,25,20,5.58088,3.80263,6.8267,6.50541,3.84006,6.77821,33.3339,5.5556,1.2929,0.13,12.3784,5.44,4.69,4.37,3.94,18.44,4.61,1120.3583,2681.246
1crn,CRCT,CCRT,PLPP,LPPP,25,16,15,20,6.92133,5.79841,6.77821,3.81347,5.17618,6.40206,34.8897,5.8149,1.0732,0.0818,16.8034,4.37,3.83,3.54,3.94,15.68,3.92,1120.3583,2681.246
1crn,RPGT,GPRT,LFFP,FFLP,16,21,19,20,7.18313,5.12491,5.17618,6.32164,3.84006,3.83126,31.4772,5.2462,1.2184,0.1295,10.8457,3.83,4.69,5.39,3.94,17.85,4.4625,1120.3583,2681.246
1crn,RECT,CERT,LLPP,LLPP,16,22,25,20,7.18355,6.92133,5.17618,5.01111,6.42033,6.77821,37.4907,6.2484,0.8483,0.0442,24.6211,3.83,5.31,4.37,3.94,17.45,4.3625,1120.3583,2681.246
1crn,PECT,CEPT,FLPP,FLPP,21,22,25,20,3.77722,6.50541,3.84006,5.01111,6.42033,6.77821,32.3323,5.3887,1.2503,0.1292,7.7549,4.69,5.31,4.37,3.94,18.31,4.5775,1120.3583,2681.246
1crn,PERT,EPRT,FLLP,FLLP,21,22,16,20,3.77722,7.18313,3.84006,7.18355,6.42033,5.17618,33.5805,5.5968,1.431,0.1569,4.9516,4.69,5.31,3.83,3.94,17.77,4.4425,1120.3583,2681.246
1crn,PCYT,CPTY,FPPP,FPPP,18,15,28,20,6.98311,14.2791,5.79237,8.27648,6.40206,10.7147,52.4478,8.7413,2.945,0.2724,18.3009,5.38,3.54,6.6,3.94,19.46,4.865,1120.3583,2681.246
1crn,PIYT,IPTY,FFPP,FFPP,18,24,28,20,12.154,14.2791,5.79237,6.14015,6.8267,10.7147,55.907,9.3178,3.2491,0.2918,2.573,5.38,5.44,6.6,3.94,21.36,5.34,1120.3583,2681.246
1crn,CIYT,CITY,PFPP,FPPP,15,24,28,20,8.63398,8.27648,6.40206,6.14015,6.8267,10.7147,46.9941,7.8324,1.5848,0.0983,10.5881,3.54,5.44,6.6,3.94,19.52,4.88,1120.3583,2681.246
1crn,PRGT,GPRT,FLFP,FFLP,18,16,19,20,5.64628,3.8208,5.79237,5.12491,5.17618,3.83126,29.3918,4.8986,0.7945,0.0631,10.9867,5.38,3.83,5.39,3.94,18.54,4.635,1120.3583,2681.246
1crn,CRPT,CPRT,PLFP,FLPP,15,16,18,20,3.81347,6.98311,6.40206,5.64628,5.17618,5.79237,33.8135,5.6356,0.9966,0.0751,16.7369,3.54,3.83,5.38,3.94,16.69,4.1725,1120.3583,2681.246
1crn,FCYT,CFTY,FPPP,FPPP,12,25,28,29,5.78748,7.87999,6.0871,4.92881,6.08735,3.82386,34.5946,5.7658,1.2348,0.1101,9.4238,3.49,4.37,6.6,5.7,20.16,5.04,1120.3583,2681.246
1crn,FCYT,CFTY,FPPP,FPPP,12,15,28,29,4.96768,7.87999,6.0871,8.27648,8.65915,3.82386,39.6943,6.6157,1.7945,0.1766,7.0043,3.49,3.54,6.6,5.7,19.33,4.8325,1120.3583,2681.246
1crn,CNYT,CNTY,PPPP,PPPP,15,11,28,29,6.13124,8.27648,8.65915,8.5901,6.4699,3.82386,41.9507,6.9918,1.7337,0.1476,12.2741,3.54,4.57,6.6,5.7,20.41,5.1025,1120.3583,2681.246
1crn,CNFT,CFNT,PPFP,FPPP,15,11,12,29,6.13124,4.96768,8.65915,3.79879,6.4699,6.0871,36.1139,6.019,1.4847,0.146,18.1971,3.54,4.57,3.49,5.7,17.3,4.325,1120.3583,2681.246
1crn,VNYT,NTVY,FPPP,FPPP,7,11,28,29,6.16862,12.246,8.8056,8.5901,6.4699,3.82386,46.1041,7.684,2.6319,0.2816,8.8847,6.93,4.57,6.6,5.7,23.8,5.95,1120.3583,2681.246
1crn,PCIG,CGIP,FPFF,FFFP,4,31,32,30,6.13992,8.47249,6.79215,3.82613,3.84076,6.53324,35.6047,5.9341,1.6536,0.1864,12.1832,4.25,4.89,5.24,5.5,19.88,4.97,1120.3583,2681.246
1crn,ITDG,DGIT,FPLF,FFLP,32,27,42,30,7.77554,11.0092,6.53324,16.3422,5.47694,11.5683,58.7053,9.7842,3.6707,0.3378,18.4229,5.24,5.08,5.85,5.5,21.67,5.4175,1120.3583,2681.246
1crn,IYDG,DGIY,FPLF,FFLP,32,43,42,30,8.00908,11.0092,6.53324,3.85744,9.40337,11.5683,50.3806,8.3968,2.6497,0.239,23.9104,5.24,5.56,5.85,5.5,22.15,5.5375,1120.3583,2681.246
1crn,PYDG,DGPY,FPLF,FFLP,4,43,42,30,4.17621,6.1653,6.79215,3.85744,9.40337,11.5683,41.9627,6.9938,2.7457,0.3699,14.4253,4.25,5.56,5.85,5.5,21.16,5.29,1120.3583,2681.246
1crn,PYIG,GIPY,FPFF,FFFP,4,43,32,30,4.17621,8.47249,6.79215,8.00908,9.40337,6.53324,43.3865,7.2311,1.6772,0.1291,9.1624,4.25,5.56,5.24,5.5,20.55,5.1375,1120.3583,2681.246
1crn,SPDG,DGPS,PFLF,FFLP,5,4,42,30,3.80924,8.7034,8.93914,6.1653,6.79215,11.5683,45.9775,7.6629,2.4432,0.244,5.7359,4.45,4.25,5.85,5.5,20.05,5.0125,1120.3583,2681.246
1crn,TTYG,GTTY,PPPF,FPPP,27,29,28,30,5.52196,3.77888,5.47694,3.82386,3.80423,6.21593,28.6218,4.7703,0.9972,0.1049,3.3261,5.08,5.7,6.6,5.5,22.88,5.72,1120.3583,2681.246
1crn,VTYG,GTVY,FPPF,FFPP,7,29,28,30,8.8056,12.246,10.1928,3.82386,3.80423,6.21593,45.0884,7.5147,3.1702,0.4271,3.3259,6.93,5.7,6.6,5.5,24.73,6.1825,1120.3583,2681.246
1crn,GYDP,DGPY,FPLF,FFLP,41,43,42,40,5.44964,3.82291,3.7872,3.85744,5.43833,5.58394,27.9395,4.6566,0.8356,0.0773,7.6031,8.0,5.56,5.85,8.96,28.37,7.0925,1120.3583,2681.246
1crn,PIDP,DIPP,FFLF,FFFL,35,34,42,40,3.76163,16.6608,12.4168,13.4787,10.0047,5.58394,61.9065,10.3178,4.4744,0.4513,0.6459,8.78,7.52,5.85,8.96,31.11,7.7775,1120.3583,2681.246
1crn,ICGP,CGIP,FPFF,FFFP,34,39,36,40,7.85895,5.55976,10.0047,7.99028,3.79151,10.6169,45.8221,7.637,2.3722,0.2316,21.3998,7.52,8.05,9.2,8.96,33.73,8.4325,1120.3583,2681.246
1crn,IIDP,DIIP,FFLF,FFFL,34,32,42,40,6.53621,13.4787,10.0047,11.0092,10.4873,5.58394,57.0999,9.5167,2.6912,0.1919,9.1585,7.52,5.24,5.85,8.96,27.57,6.8925,1120.3583,2681.246
1crn,IYDP,DIPY,FPLF,FFLP,32,43,42,40,8.00908,11.0092,10.4873,3.85744,5.43833,5.58394,44.3852,7.3975,2.6653,0.3116,19.3956,5.24,5.56,5.85,8.96,25.61,6.4025,1120.3583,2681.246
1crn,ICIP,CIIP,FPFF,FFFP,32,39,34,40,9.25757,6.53621,10.4873,7.85895,3.79151,10.0047,47.9361,7.9894,2.2971,0.1984,28.4154,5.24,8.05,7.52,8.96,29.77,7.4425,1120.3583,2681.246
1crn,CYIP,CIPY,PPFF,FFPP,39,43,32,40,6.1426,9.25757,3.79151,8.00908,5.43833,10.4873,43.1263,7.1877,2.2925,0.2441,22.8172,8.05,5.56,5.24,8.96,27.81,6.9525,1120.3583,2681.246
1crn,PIGP,GIPP,FFFF,FFFF,35,34,36,40,3.76163,3.82959,12.4168,5.55976,10.0047,10.6169,46.1894,7.6982,3.4433,0.4802,6.6817,8.78,7.52,9.2,8.96,34.46,8.615,1120.3583,2681.246
1crn,TCGP,CGPT,PPFF,FFPP,38,39,36,40,3.78874,5.92935,6.48389,7.99028,3.79151,10.6169,38.6007,6.4335,2.3859,0.3301,11.0034,9.46,8.05,9.2,8.96,35.67,8.9175,1120.3583,2681.246
1crn,TCGP,CGPT,PPFF,FFPP,38,39,41,40,3.78874,9.33415,6.48389,6.63913,3.79151,3.7872,33.8246,5.6374,2.067,0.3226,6.2663,9.46,8.05,8.0,8.96,34.47,8.6175,1120.3583,2681.246
1crn,TCNA,ACNT,PPPF,FPPP,38,39,45,44,3.78874,11.4776,9.4509,8.54993,6.29478,3.80866,43.3706,7.2284,2.8618,0.3762,9.3342,9.46,8.05,6.15,5.89,29.55,7.3875,1120.3583,2681.246
1crn,TCGA,ACGT,PPFF,FFPP,38,39,41,44,3.78874,9.33415,9.4509,6.63913,6.29478,5.12385,40.6316,6.7719,2.0657,0.2233,12.7719,9.46,8.05,8.0,5.89,31.4,7.85,1120.3583,2681.246
1crn,GYDA,ADGY,FPLF,FFLP,41,43,42,44,5.44964,3.82291,5.12385,3.85744,3.78003,5.62877,27.6626,4.6104,0.8043,0.073,6.575,8.0,5.56,5.85,5.89,25.3,6.325,1120.3583,2681.246
1crn,CPGA,ACGP,PFFF,FFFP,39,40,41,44,3.79151,6.63913,6.29478,3.7872,6.29699,5.12385,31.9335,5.3222,1.181,0.1182,4.6938,8.05,8.96,8.0,5.89,30.9,7.725,1120.3583,2681.246
1crn,YPGA,AGPY,PFFF,FFFP,43,40,41,44,5.43833,5.44964,3.78003,3.7872,6.29699,5.12385,29.8761,4.9794,0.9173,0.0814,10.1667,5.56,8.96,8.0,5.89,28.41,7.1025,1120.3583,2681.246
1crn,YPCA,ACPY,PFPF,FFPP,43,40,39,44,5.43833,6.1426,3.78003,3.79151,6.29699,6.29478,31.7442,5.2907,1.1029,0.1043,12.1612,5.56,8.96,8.05,5.89,28.46,7.115,1120.3583,2681.246
1crn,GSDA,ADGS,FPLF,FFLP,41,5,42,44,10.8852,3.82291,5.12385,8.7034,7.16922,5.62877,41.3333,6.8889,2.361,0.2819,7.1361,8.0,4.45,5.85,5.89,24.19,6.0475,1120.3583,2681.246
1crn,ISNA,AINS,FPPF,FFPP,6,5,45,44,3.8185,5.681,8.82118,5.40253,7.16922,3.80866,34.7011,5.7835,1.7825,0.228,5.2442,6.33,4.45,6.15,5.89,22.82,5.705,1120.3583,2681.246
1crn,ISGA,AGIS,FPFF,FFFP,6,5,41,44,3.8185,13.3857,8.82118,10.8852,7.16922,5.12385,49.2036,8.2006,3.2714,0.3819,6.9186,6.33,4.45,8.0,5.89,24.67,6.1675,1120.3583,2681.246
1crn,SPDA,ADPS,PFLF,FFLP,5,4,42,44,3.80924,8.7034,7.16922,6.1653,6.15528,5.62877,37.6312,6.2719,1.4844,0.1344,15.3009,4.45,4.25,5.85,5.89,20.44,5.11,1120.3583,2681.246
1crn,PYDA,ADPY,FPLF,FFLP,4,43,42,44,4.17621,6.1653,6.15528,3.85744,3.78003,5.62877,29.763,4.9605,1.0449,0.1065,9.7208,4.25,5.56,5.85,5.89,21.55,5.3875,1120.3583,2681.246
1crn,SPNA,ANPS,PFPF,FFPP,5,4,45,44,3.80924,5.40253,7.16922,5.85768,6.15528,3.80866,32.2026,5.3671,1.2225,0.1245,9.7348,4.45,4.25,6.15,5.89,20.74,5.185,1120.3583,2681.246
1crn,PYNA,ANPY,FPPF,FFPP,4,43,45,44,4.17621,5.85768,6.15528,5.79144,3.78003,3.80866,29.5693,4.9282,1.0208,0.103,6.1261,4.25,5.56,6.15,5.89,21.85,5.4625,1120.3583,2681.246
1crn,CYIC,CCIY,PPFP,FPPP,39,43,32,2,6.1426,9.25757,5.68731,8.00908,5.30945,5.36475,39.7708,6.6285,1.4876,0.1209,22.8725,8.05,5.56,5.24,5.39,24.24,6.06,1120.3583,2681.246
1crn,ICTC,CCIT,FPPP,FPPP,34,39,1,2,7.85895,6.39432,7.66646,7.82,5.68731,3.80327,39.2303,6.5384,1.4654,0.1206,16.237,7.52,8.05,8.31,5.39,29.27,7.3175,1120.3583,2681.246
1crn,ICIC,CCII,FPFP,FFPP,32,39,34,2,9.25757,6.53621,5.36475,7.85895,5.68731,7.66646,42.3712,7.0619,1.3459,0.0872,20.6142,5.24,8.05,7.52,5.39,26.2,6.55,1120.3583,2681.246
1crn,ICTC,CCIT,FPPP,FPPP,32,31,1,2,3.82613,5.58744,5.36475,6.74248,5.6096,3.80327,30.9337,5.1556,1.0449,0.0986,11.1843,5.24,4.89,8.31,5.39,23.83,5.9575,1120.3583,2681.246
1crn,IITC,CIIT,FFPP,FFPP,34,33,1,2,3.83625,6.39432,7.66646,4.59693,6.48279,3.80327,32.78,5.4633,1.4671,0.1731,10.7786,7.52,6.82,8.31,5.39,28.04,7.01,1120.3583,2681.246
1crn,IITC,CIIT,FFPP,FFPP,32,33,1,2,3.76524,5.58744,5.36475,4.59693,6.48279,3.80327,29.6004,4.9334,0.9806,0.0948,6.2438,5.24,6.82,8.31,5.39,25.76,6.44,1120.3583,2681.246
1crn,IIIC,CIII,FFFP,FFFP,32,33,34,2,3.76524,6.53621,5.36475,3.83625,6.48279,7.66646,33.6517,5.6086,1.441,0.1584,10.7632,5.24,6.82,7.52,5.39,24.97,6.2425,1120.3583,2681.246
1crn,NCAC,ACCN,PPFP,FPPP,45,39,37,2,8.54993,12.9715,6.14764,6.40917,5.68731,9.16272,48.9283,8.1547,2.5012,0.2258,30.7681,6.15,8.05,9.24,5.39,28.83,7.2075,1120.3583,2681.246
1crn,CANC,ACCN,PFPP,FPPP,39,44,45,2,6.29478,8.54993,5.68731,3.80866,6.49835,6.14764,36.9867,6.1644,1.3902,0.1221,9.9765,8.05,5.89,6.15,5.39,25.48,6.37,1120.3583,2681.246
1crn,YANC,ACNY,PFPP,FPPP,43,44,45,2,3.78003,5.79144,5.30945,3.80866,6.49835,6.14764,31.3356,5.2226,1.072,0.1011,10.1198,5.56,5.89,6.15,5.39,22.99,5.7475,1120.3583,2681.246
1crn,YACC,ACCY,PFPP,FPPP,43,44,39,2,3.78003,6.1426,5.30945,6.29478,6.49835,5.68731,33.7125,5.6187,0.9116,0.0632,16.7611,5.56,5.89,8.05,5.39,24.89,6.2225,1120.3583,2681.246
1crn,NRTC,CNRT,PLPP,LPPP,45,9,1,2,6.48905,9.13319,6.14764,9.13606,8.04705,3.80327,42.7563,7.1261,1.8851,0.1679,15.1878,6.15,3.38,8.31,5.39,23.23,5.8075,1120.3583,2681.246
1crn,NTAC,ACNT,PPFP,FPPP,45,0,37,2,11.8096,12.9715,6.14764,5.73808,6.70386,9.16272,52.5334,8.7556,2.8102,0.2472,27.3998,6.15,10.8,9.24,5.39,31.58,7.895,1120.3583,2681.246
1crn,NTTC,CNTT,PPPP,PPPP,45,0,1,2,11.8096,9.13319,6.14764,3.79388,6.70386,3.80327,41.3914,6.8986,2.8558,0.4113,8.7721,6.15,10.8,8.31,5.39,30.65,7.6625,1120.3583,2681.246
1crn,TCAC,ACCT,PPFP,FPPP,0,39,37,2,8.12076,5.73808,6.70386,6.40917,5.68731,9.16272,41.8219,6.9703,1.2702,0.0797,6.9818,10.8,8.05,9.24,5.39,33.48,8.37,1120.3583,2681.246
1crn,TCTC,CCTT,PPPP,PPPP,0,39,1,2,8.12076,3.79388,6.70386,7.82,5.68731,3.80327,35.9291,5.9882,1.7366,0.2018,1.0029,10.8,8.05,8.31,5.39,32.55,8.1375,1120.3583,2681.246
1crn,IIAA,AAII,FFFF,FFFF,32,33,23,26,3.76524,7.97571,5.36419,7.24241,7.08305,5.03798,36.4686,6.0781,1.4667,0.1398,6.5133,5.24,6.82,4.49,4.43,20.98,5.245,1120.3583,2681.246
1crn,IEAA,AAEI,FLFF,FFFL,33,22,23,26,7.61828,7.24241,7.08305,3.8179,5.9742,5.03798,36.7738,6.129,1.3493,0.1163,21.1677,6.82,5.31,4.49,4.43,21.05,5.2625,1120.3583,2681.246
1crn,CEAA,AACE,PLFF,FFLP,25,22,23,26,5.01111,5.50284,3.84197,3.8179,5.9742,5.03798,29.186,4.8643,0.7991,0.0648,9.6554,4.37,5.31,4.49,4.43,18.6,4.65,1120.3583,2681.246
1crn,IITA,AIIT,FFPF,FFFP,32,33,1,26,3.76524,5.58744,5.36419,4.59693,7.08305,8.23209,34.6289,5.7715,1.4933,0.1607,15.1105,5.24,6.82,8.31,4.43,24.8,6.2,1120.3583,2681.246
1crn,IETA,AEIT,FLPF,FFLP,33,22,1,26,7.61828,4.59693,7.08305,8.16216,5.9742,8.23209,41.6667,6.9444,1.2953,0.0835,29.9986,6.82,5.31,8.31,4.43,24.87,6.2175,1120.3583,2681.246
1crn,ITAA,AAIT,FPFF,FFFP,32,27,23,26,7.77554,7.97571,5.36419,6.66934,3.80559,5.03798,36.6284,6.1047,1.5046,0.1458,14.9394,5.24,5.08,4.49,4.43,19.24,4.81,1120.3583,2681.246
1crn,ICTA,ACIT,FPPF,FFPP,32,31,1,26,3.82613,5.58744,5.36419,6.74248,4.62665,8.23209,34.379,5.7298,1.4307,0.1496,15.9263,5.24,4.89,8.31,4.43,22.87,5.7175,1120.3583,2681.246
1crn,CIAA,AACI,PFFF,FFFP,25,24,23,26,3.80263,5.50284,3.84197,3.81853,5.29515,5.03798,27.2991,4.5499,0.7412,0.0637,7.2146,4.37,5.44,4.49,4.43,18.73,4.6825,1120.3583,2681.246
1crn,ITAA,AAIT,FPFF,FFFP,24,27,23,26,5.46127,3.81853,5.29515,6.66934,3.80559,5.03798,30.0879,5.0147,0.9924,0.094,9.2854,5.44,5.08,4.49,4.43,19.44,4.86,1120.3583,2681.246
1crn,ITCA,ACIT,FPPF,FFPP,24,27,25,26,5.46127,3.80263,5.29515,5.63531,3.80559,3.84197,27.8419,4.6403,0.8295,0.0767,7.8545,5.44,5.08,4.37,4.43,19.32,4.83,1120.3583,2681.246
1crn,CEFA,ACEF,PLFF,FFLP,25,22,12,26,5.01111,5.78748,3.84197,8.42717,5.9742,7.20986,36.2518,6.042,1.4734,0.1427,17.9982,4.37,5.31,3.49,4.43,17.6,4.4,1120.3583,2681.246
1crn,FCTA,ACFT,FPPF,FFPP,12,31,1,26,7.37142,9.48587,7.20986,6.74248,4.62665,8.23209,43.6684,7.2781,1.4784,0.099,35.7,3.49,4.89,8.31,4.43,21.12,5.28,1120.3583,2681.246
1crn,FETA,AEFT,FLPF,FFLP,12,22,1,26,8.42717,9.48587,7.20986,8.16216,5.9742,8.23209,47.4914,7.9152,1.0921,0.0457,52.7186,3.49,5.31,8.31,4.43,21.54,5.385,1120.3583,2681.246
1crn,TGIA,AGIT,PFFF,FFFP,27,30,32,26,5.47694,7.77554,3.80559,6.53324,5.57164,5.36419,34.5272,5.7545,1.2078,0.1057,13.6403,5.08,5.5,5.24,4.43,20.25,5.0625,1120.3583,2681.246
1crn,CGIA,ACGI,PFFF,FFFP,31,30,32,26,3.84076,3.82613,4.62665,6.53324,5.57164,5.36419,29.7626,4.9604,0.9714,0.092,9.5202,4.89,5.5,5.24,4.43,20.06,5.015,1120.3583,2681.246
1crn,CTFA,ACFT,PPFF,FFPP,25,29,12,26,6.08735,5.78748,3.84197,6.0871,5.40604,7.20986,34.4198,5.7366,1.0098,0.0744,15.8751,4.37,5.7,3.49,4.43,17.99,4.4975,1120.3583,2681.246
1crn,CTFA,ACFT,PPFF,FFPP,31,29,12,26,5.47019,7.37142,4.62665,6.0871,5.40604,7.20986,36.1713,6.0286,0.9888,0.0646,22.4948,4.89,5.7,3.49,4.43,18.51,4.6275,1120.3583,2681.246
1crn,CTYA,ACTY,PPPF,FPPP,25,27,28,26,5.63531,4.92881,3.84197,3.77888,3.80559,5.40258,27.3931,4.5655,0.785,0.0709,5.8786,4.37,5.08,6.6,4.43,20.48,5.12,1120.3583,2681.246
1crn,CTYA,ACTY,PPPF,FPPP,25,29,28,26,6.08735,4.92881,3.84197,3.82386,5.40604,5.40258,29.4906,4.9151,0.8362,0.0695,10.3183,4.37,5.7,6.6,4.43,21.1,5.275,1120.3583,2681.246
1crn,TTYA,ATTY,PPPF,FPPP,27,29,28,26,5.52196,3.77888,3.80559,3.82386,5.40604,5.40258,27.7389,4.6231,0.8214,0.0758,7.5964,5.08,5.7,6.6,4.43,21.81,5.4525,1120.3583,2681.246
1crn,TGTA,AGTT,PFPF,FFPP,29,30,27,26,3.80423,5.52196,5.40604,5.47694,5.57164,3.80559,29.5864,4.9311,0.7979,0.0628,11.5204,5.7,5.5,5.08,4.43,20.71,5.1775,1120.3583,2681.246
1crn,TGCA,ACGT,PFPF,FFPP,29,30,31,26,3.80423,5.47019,5.40604,3.84076,5.57164,4.62665,28.7195,4.7866,0.7475,0.0585,9.7515,5.7,5.5,4.89,4.43,20.52,5.13,1120.3583,2681.246
1crn,RCFA,ACFR,LPFF,FFLP,9,31,12,8,7.13868,4.89408,3.8444,7.37142,6.60946,6.06495,35.923,5.9872,1.2531,0.1051,19.5332,3.38,4.89,3.49,3.56,15.32,3.83,1120.3583,2681.246
1crn,CTFA,ACFT,PPFF,FFPP,31,29,12,8,5.47019,7.37142,6.60946,6.0871,5.40699,6.06495,37.0101,6.1684,0.6741,0.0287,25.7979,4.89,5.7,3.49,3.56,17.64,4.41,1120.3583,2681.246
1crn,CGPA,ACGP,PFFF,FFFP,31,30,4,8,3.84076,6.13992,6.60946,6.79215,6.62694,6.39849,36.4077,6.0679,1.0169,0.0674,21.5807,4.89,5.5,4.25,3.56,18.2,4.55,1120.3583,2681.246
1crn,TGCA,ACGT,PFPF,FFPP,29,30,31,8,3.80423,5.47019,5.40699,3.84076,6.62694,6.60946,31.7586,5.2931,1.1462,0.1125,12.1875,5.7,5.5,4.89,3.56,19.65,4.9125,1120.3583,2681.246
1crn,PGSA,AGPS,FFPF,FFFP,4,30,5,8,6.79215,3.80924,6.39849,8.93914,6.62694,5.22261,37.7886,6.2981,1.5646,0.1481,7.1468,4.25,5.5,4.45,3.56,17.76,4.44,1120.3583,2681.246
1crn,RNFA,AFNR,LPFF,FFLP,9,11,12,8,5.41462,4.89408,3.8444,3.79879,5.13114,6.06495,29.148,4.858,0.8157,0.0677,9.4612,3.38,4.57,3.49,3.56,15.0,3.75,1120.3583,2681.246
1crn,NTFA,AFNT,PPFF,FFPP,11,29,12,8,6.4699,3.79879,5.13114,6.0871,5.40699,6.06495,32.9589,5.4931,0.8797,0.0615,15.4324,4.57,5.7,3.49,3.56,17.32,4.33,1120.3583,2681.246
1crn,RIVA,AIRV,LFFF,FFFL,9,6,7,8,5.10872,5.48313,3.8444,3.85411,5.41197,3.83982,27.5421,4.5903,0.7531,0.0646,7.4034,3.38,6.33,6.93,3.56,20.2,5.05,1120.3583,2681.246
1crn,ISVA,AISV,FPFF,FFFP,6,5,7,8,3.8185,3.85411,5.41197,5.48398,5.22261,3.83982,27.631,4.6052,0.7717,0.0674,7.6185,6.33,4.45,6.93,3.56,21.27,5.3175,1120.3583,2681.246
1crn,ISRA,AIRS,FPLF,FFLP,6,5,9,8,3.8185,5.10872,5.41197,6.48288,5.22261,3.8444,29.8891,4.9815,0.9273,0.0832,9.2759,6.33,4.45,3.38,3.56,17.72,4.43,1120.3583,2681.246
1crn,NTVA,ANTV,PPFF,FFPP,11,29,7,8,6.4699,6.16862,5.13114,8.8056,5.40699,3.83982,35.8221,5.9703,1.5214,0.1559,8.8662,4.57,5.7,6.93,3.56,20.76,5.19,1120.3583,2681.246
1crn,SGVA,AGSV,PFFF,FFFP,5,30,7,8,8.93914,5.48398,5.22261,10.1928,6.62694,3.83982,40.3052,6.7175,2.2007,0.2576,9.191,4.45,5.5,6.93,3.56,20.44,5.11,1120.3583,2681.246
1crn,TGVA,AGTV,PFFF,FFFP,29,30,7,8,3.80423,8.8056,5.40699,10.1928,6.62694,3.83982,38.6763,6.446,2.3975,0.332,5.7447,5.7,5.5,6.93,3.56,21.69,5.4225,1120.3583,2681.246
1crn,VRSA,ARSV,FLPF,FFLP,7,9,10,8,5.48313,5.11069,3.83982,3.84091,3.8444,5.53899,27.6579,4.6097,0.7796,0.0687,6.973,6.93,3.38,4.6,3.56,18.47,4.6175,1120.3583,2681.246
1crn,VNSA,ANSV,FPPF,FFPP,7,11,10,8,6.16862,5.11069,3.83982,3.86288,5.13114,5.53899,29.6521,4.942,0.847,0.0705,9.8195,6.93,4.57,4.6,3.56,19.66,4.915,1120.3583,2681.246
1crn,RNSA,ANRS,LPPF,FLPP,9,11,10,8,5.41462,3.84091,3.8444,3.86288,5.13114,5.53899,27.6329,4.6055,0.7657,0.0663,7.3223,3.38,4.57,4.6,3.56,16.11,4.0275,1120.3583,2681.246
1crn,CYIC,CCIY,PPFP,FPPP,31,43,32,3,7.53281,3.82613,4.0902,8.00908,4.83578,6.33226,34.6263,5.771,1.6284,0.1911,8.5381,4.89,5.56,5.24,4.24,19.93,4.9825,1120.3583,2681.246
1crn,CCIC,CCCI,PPFP,FPPP,31,2,32,3,5.6096,3.82613,4.0902,5.36475,3.82838,6.33226,29.0513,4.8419,0.9754,0.0974,3.5996,4.89,5.39,5.24,4.24,19.76,4.94,1120.3583,2681.246
1crn,YCIC,CCIY,PPFP,FPPP,43,2,32,3,5.30945,8.00908,4.83578,5.36475,3.82838,6.33226,33.6797,5.6133,1.3039,0.1295,15.6189,5.56,5.39,5.24,4.24,20.43,5.1075,1120.3583,2681.246
1crn,CYPC,CCPY,PPFP,FPPP,31,43,4,3,7.53281,6.13992,4.0902,4.17621,4.83578,3.79814,30.5731,5.0955,1.3315,0.1639,9.4499,4.89,5.56,4.25,4.24,18.94,4.735,1120.3583,2681.246
1crn,PYNC,CNPY,FPPP,FPPP,4,43,45,3,4.17621,5.85768,3.79814,5.79144,4.83578,4.82764,29.2869,4.8811,0.7591,0.058,11.7634,4.25,5.56,6.15,4.24,20.2,5.05,1120.3583,2681.246
1crn,YCNC,CCNY,PPPP,PPPP,43,2,45,3,5.30945,5.79144,4.83578,6.14764,3.82838,4.82764,30.7403,5.1234,0.7502,0.0515,13.7378,5.56,5.39,6.15,4.24,21.34,5.335,1120.3583,2681.246
1crn,CARC,ACCR,PFLP,FLPP,31,8,9,3,6.60946,7.13868,4.0902,3.8444,5.99856,5.51674,33.198,5.533,1.217,0.1161,12.8846,4.89,3.56,3.38,4.24,16.07,4.0175,1120.3583,2681.246
1crn,CAPC,ACCP,PFFP,FFPP,31,8,4,3,6.60946,6.13992,4.0902,6.39849,5.99856,3.79814,33.0348,5.5058,1.124,0.1,14.4245,4.89,3.56,4.25,4.24,16.94,4.235,1120.3583,2681.246
1crn,RCNC,CCNR,LPPP,LPPP,9,2,45,3,8.04705,6.48905,5.51674,6.14764,3.82838,4.82764,34.8565,5.8094,1.3265,0.1251,14.5653,3.38,5.39,6.15,4.24,19.16,4.79,1120.3583,2681.246
1crn,RCTC,CCRT,LPPP,LPPP,9,31,1,3,7.13868,9.13606,5.51674,6.74248,4.0902,6.70683,39.331,6.5552,1.5392,0.1323,23.9122,3.38,4.89,8.31,4.24,20.82,5.205,1120.3583,2681.246
1crn,RCTC,CCRT,LPPP,LPPP,9,2,1,3,8.04705,9.13606,5.51674,3.80327,3.82838,6.70683,37.0383,6.173,2.005,0.2532,6.9533,3.38,5.39,8.31,4.24,21.32,5.33,1120.3583,2681.246
1crn,CCTC,CCCT,PPPP,PPPP,31,2,1,3,5.6096,6.74248,4.0902,3.80327,3.82838,6.70683,30.7808,5.1301,1.2814,0.1497,6.481,4.89,5.39,8.31,4.24,22.83,5.7075,1120.3583,2681.246
1crn,SARC,ACRS,PFLP,FLPP,5,8,9,3,5.22261,6.48288,5.6919,3.8444,5.99856,5.51674,32.7571,5.4595,0.8226,0.0545,15.0674,4.45,3.56,3.38,4.24,15.63,3.9075,1120.3583,2681.246
1crn,PASC,ACPS,FFPP,FFPP,4,8,5,3,6.39849,3.80924,3.79814,5.22261,5.99856,5.6919,30.9189,5.1532,1.0168,0.0934,10.2043,4.25,3.56,4.45,4.24,16.5,4.125,1120.3583,2681.246
1crn,RSNC,CNRS,LPPP,LPPP,9,5,45,3,6.48288,6.48905,5.51674,5.40253,5.6919,4.82764,34.4107,5.7351,0.5932,0.0257,20.8277,3.38,4.45,6.15,4.24,18.22,4.555,1120.3583,2681.246
1crn,SPNC,CNPS,PFPP,FPPP,5,4,45,3,3.80924,5.40253,5.6919,5.85768,3.79814,4.82764,29.3871,4.8979,0.8372,0.0701,8.9918,4.45,4.25,6.15,4.24,19.09,4.7725,1120.3583,2681.246
